{"stats":{"minecraft:mined":{"minecraft:short_grass":13,"minecraft:grass_block":1,"minecraft:melon":5,"minecraft:vine":6,"minecraft:jungle_log":7,"minecraft:dirt":2,"minecraft:oak_leaves":7,"minecraft:fern":3},"minecraft:picked_up":{"minecraft:jungle_log":7,"minecraft:melon_slice":26,"minecraft:dirt":4},"minecraft:used":{"minecraft:dirt":1,"minecraft:melon_slice":9},"minecraft:custom":{"minecraft:time_since_rest":30,"minecraft:crouch_one_cm":230,"minecraft:play_time":16047,"minecraft:sprint_one_cm":22136,"minecraft:deaths":2,"minecraft:damage_taken":657,"minecraft:walk_one_cm":24716,"minecraft:sneak_time":142,"minecraft:jump":217,"minecraft:damage_dealt":220,"minecraft:leave_game":2,"minecraft:time_since_death":0,"minecraft:climb_one_cm":1337,"minecraft:total_world_time":16047,"minecraft:fall_one_cm":6768,"minecraft:fly_one_cm":21397},"minecraft:killed_by":{"minecraft:skeleton":1,"minecraft:player":1}},"DataVersion":4082}