{"stats":{"minecraft:mined":{"minecraft:short_grass":14,"minecraft:grass_block":2,"minecraft:melon":5,"minecraft:vine":6,"minecraft:jungle_log":7,"minecraft:dirt":4,"minecraft:jungle_leaves":1,"minecraft:oak_leaves":8,"minecraft:fern":3},"minecraft:used":{"minecraft:dirt":2,"minecraft:melon_slice":9},"minecraft:picked_up":{"minecraft:apple":1,"minecraft:rotten_flesh":2,"minecraft:arrow":1,"minecraft:jungle_log":7,"minecraft:potato":1,"minecraft:melon_slice":26,"minecraft:dirt":8},"minecraft:custom":{"minecraft:time_since_rest":3547,"minecraft:crouch_one_cm":230,"minecraft:play_time":23249,"minecraft:sprint_one_cm":32960,"minecraft:deaths":3,"minecraft:damage_taken":997,"minecraft:walk_one_cm":31529,"minecraft:sneak_time":142,"minecraft:jump":286,"minecraft:damage_dealt":220,"minecraft:leave_game":2,"minecraft:time_since_death":1575,"minecraft:climb_one_cm":2352,"minecraft:total_world_time":23249,"minecraft:fall_one_cm":9169,"minecraft:fly_one_cm":31289},"minecraft:killed_by":{"minecraft:skeleton":1,"minecraft:zombie":1,"minecraft:player":1}},"DataVersion":4082}