{"stats":{"minecraft:mined":{"minecraft:short_grass":6,"minecraft:melon":3,"minecraft:vine":6,"minecraft:jungle_log":7,"minecraft:oak_leaves":3,"minecraft:fern":2},"minecraft:custom":{"minecraft:jump":47,"minecraft:time_since_rest":3828,"minecraft:damage_dealt":154,"minecraft:crouch_one_cm":230,"minecraft:leave_game":1,"minecraft:sprint_one_cm":4450,"minecraft:play_time":3828,"minecraft:damage_taken":137,"minecraft:time_since_death":3828,"minecraft:walk_one_cm":4805,"minecraft:climb_one_cm":691,"minecraft:sneak_time":130,"minecraft:total_world_time":3828,"minecraft:fall_one_cm":1844,"minecraft:fly_one_cm":2764},"minecraft:picked_up":{"minecraft:jungle_log":7,"minecraft:melon_slice":16}},"DataVersion":4082}