{"stats":{"minecraft:mined":{"minecraft:coal_ore":3,"minecraft:oak_log":3,"minecraft:deepslate_iron_ore":3,"minecraft:dirt":1,"minecraft:stone":31,"minecraft:oak_leaves":2,"minecraft:crafting_table":2},"minecraft:killed":{"minecraft:skeleton":1},"minecraft:crafted":{"minecraft:oak_planks":12,"minecraft:stone_axe":1,"minecraft:crafting_table":1,"minecraft:stick":8,"minecraft:wooden_pickaxe":1,"minecraft:stone_pickaxe":1},"minecraft:used":{"minecraft:stone_axe":4,"minecraft:dirt":1,"minecraft:crafting_table":3,"minecraft:stone_pickaxe":23,"minecraft:wooden_pickaxe":15},"minecraft:picked_up":{"minecraft:raw_iron":3,"minecraft:crafting_table":2,"minecraft:bone":1,"minecraft:oak_log":3,"minecraft:coal":2,"minecraft:dirt":1,"minecraft:cobblestone":31},"minecraft:custom":{"minecraft:time_since_rest":5960,"minecraft:crouch_one_cm":3242,"minecraft:play_time":5960,"minecraft:sprint_one_cm":6464,"minecraft:damage_taken":150,"minecraft:walk_one_cm":10209,"minecraft:sneak_time":1327,"minecraft:walk_under_water_one_cm":1442,"minecraft:mob_kills":1,"minecraft:jump":60,"minecraft:damage_dealt":200,"minecraft:walk_on_water_one_cm":1318,"minecraft:time_since_death":5960,"minecraft:total_world_time":5960,"minecraft:climb_one_cm":939,"minecraft:fall_one_cm":3278,"minecraft:interact_with_crafting_table":3,"minecraft:fly_one_cm":7057}},"DataVersion":4082}