{"stats":{"minecraft:mined":{"minecraft:short_grass":7,"minecraft:fern":5},"minecraft:custom":{"minecraft:jump":30,"minecraft:time_since_rest":1340,"minecraft:damage_dealt":97,"minecraft:leave_game":1,"minecraft:sprint_one_cm":2487,"minecraft:play_time":1340,"minecraft:damage_taken":154,"minecraft:time_since_death":1340,"minecraft:walk_one_cm":2545,"minecraft:climb_one_cm":472,"minecraft:total_world_time":1340,"minecraft:drop":1,"minecraft:fall_one_cm":1107,"minecraft:fly_one_cm":3628},"minecraft:dropped":{"minecraft:wheat_seeds":1},"minecraft:picked_up":{"minecraft:wheat_seeds":1}},"DataVersion":4082}