{"stats":{"minecraft:mined":{"minecraft:short_grass":11,"minecraft:dirt":3,"minecraft:fern":6},"minecraft:dropped":{"minecraft:wheat_seeds":1},"minecraft:killed":{"minecraft:zombie":1,"minecraft:cow":2},"minecraft:used":{"minecraft:dirt":4,"minecraft:beef":2},"minecraft:picked_up":{"minecraft:arrow":1,"minecraft:rotten_flesh":2,"minecraft:leather":3,"minecraft:wheat_seeds":2,"minecraft:potato":1,"minecraft:beef":6,"minecraft:dirt":4},"minecraft:custom":{"minecraft:time_since_rest":279,"minecraft:crouch_one_cm":213,"minecraft:play_time":9490,"minecraft:sprint_one_cm":46021,"minecraft:walk_one_cm":14841,"minecraft:damage_taken":514,"minecraft:deaths":2,"minecraft:sneak_time":235,"minecraft:mob_kills":3,"minecraft:drop":1,"minecraft:jump":186,"minecraft:damage_dealt":539,"minecraft:leave_game":1,"minecraft:time_since_death":0,"minecraft:climb_one_cm":1354,"minecraft:total_world_time":9490,"minecraft:fall_one_cm":7250,"minecraft:fly_one_cm":29162,"minecraft:player_kills":1},"minecraft:killed_by":{"minecraft:zombie":1}},"DataVersion":4082}