{"stats":{"minecraft:mined":{"minecraft:short_grass":11,"minecraft:dirt":2,"minecraft:fern":6},"minecraft:dropped":{"minecraft:wheat_seeds":1},"minecraft:killed":{"minecraft:zombie":1,"minecraft:cow":2},"minecraft:used":{"minecraft:dirt":4,"minecraft:beef":2},"minecraft:picked_up":{"minecraft:rotten_flesh":2,"minecraft:leather":3,"minecraft:wheat_seeds":2,"minecraft:potato":1,"minecraft:beef":6,"minecraft:dirt":4},"minecraft:custom":{"minecraft:time_since_rest":2869,"minecraft:crouch_one_cm":213,"minecraft:play_time":7312,"minecraft:sprint_one_cm":29312,"minecraft:walk_one_cm":9156,"minecraft:damage_taken":319,"minecraft:deaths":1,"minecraft:sneak_time":235,"minecraft:mob_kills":3,"minecraft:drop":1,"minecraft:jump":126,"minecraft:damage_dealt":490,"minecraft:leave_game":1,"minecraft:time_since_death":2844,"minecraft:climb_one_cm":1354,"minecraft:total_world_time":7312,"minecraft:fall_one_cm":5338,"minecraft:fly_one_cm":16660,"minecraft:player_kills":1}},"DataVersion":4082}