{"minecraft:recipes/misc/melon_seeds":{"criteria":{"has_melon":"2024-11-22 23:13:49 +0000"},"done":true},"minecraft:recipes/brewing/glistering_melon_slice":{"criteria":{"has_melon":"2024-11-22 23:13:49 +0000"},"done":true},"minecraft:recipes/building_blocks/jungle_wood":{"criteria":{"has_log":"2024-11-22 23:12:53 +0000"},"done":true},"minecraft:recipes/building_blocks/jungle_planks":{"criteria":{"has_logs":"2024-11-22 23:12:53 +0000"},"done":true},"minecraft:recipes/misc/charcoal":{"criteria":{"has_log":"2024-11-22 23:12:53 +0000"},"done":true},"minecraft:recipes/building_blocks/melon":{"criteria":{"has_melon":"2024-11-22 23:13:49 +0000"},"done":true},"minecraft:recipes/decorations/crafting_table":{"criteria":{"unlock_right_away":"2024-11-22 23:12:34 +0000"},"done":true},"minecraft:adventure/adventuring_time":{"criteria":{"minecraft:jungle":"2024-11-22 23:12:35 +0000"},"done":false},"DataVersion":4082}