{"minecraft:recipes/decorations/crafting_table":{"criteria":{"unlock_right_away":"2024-11-22 23:14:37 +0000"},"done":true},"minecraft:adventure/adventuring_time":{"criteria":{"minecraft:forest":"2024-11-25 23:16:59 +0000","minecraft:jungle":"2024-11-22 23:14:38 +0000"},"done":false},"minecraft:recipes/combat/leather_helmet":{"criteria":{"has_leather":"2024-11-25 23:17:17 +0000"},"done":true},"minecraft:recipes/combat/leather_leggings":{"criteria":{"has_leather":"2024-11-25 23:17:17 +0000"},"done":true},"minecraft:recipes/food/cooked_beef_from_smoking":{"criteria":{"has_beef":"2024-11-25 23:17:17 +0000"},"done":true},"minecraft:recipes/food/baked_potato_from_campfire_cooking":{"criteria":{"has_potato":"2024-11-25 23:20:18 +0000"},"done":true},"minecraft:recipes/decorations/item_frame":{"criteria":{"has_leather":"2024-11-25 23:17:17 +0000"},"done":true},"minecraft:recipes/food/baked_potato_from_smoking":{"criteria":{"has_potato":"2024-11-25 23:20:18 +0000"},"done":true},"minecraft:recipes/food/baked_potato":{"criteria":{"has_potato":"2024-11-25 23:20:18 +0000"},"done":true},"minecraft:recipes/combat/leather_chestplate":{"criteria":{"has_leather":"2024-11-25 23:17:17 +0000"},"done":true},"minecraft:adventure/root":{"criteria":{"killed_something":"2024-11-25 23:17:16 +0000"},"done":true},"minecraft:adventure/kill_all_mobs":{"criteria":{"minecraft:zombie":"2024-11-25 23:20:17 +0000"},"done":false},"minecraft:adventure/kill_a_mob":{"criteria":{"minecraft:zombie":"2024-11-25 23:20:17 +0000"},"done":true},"minecraft:recipes/combat/leather_boots":{"criteria":{"has_leather":"2024-11-25 23:17:17 +0000"},"done":true},"minecraft:husbandry/balanced_diet":{"criteria":{"beef":"2024-11-25 23:18:57 +0000"},"done":false},"minecraft:recipes/misc/leather_horse_armor":{"criteria":{"has_leather":"2024-11-25 23:17:17 +0000"},"done":true},"minecraft:husbandry/root":{"criteria":{"consumed_item":"2024-11-25 23:18:57 +0000"},"done":true},"minecraft:recipes/food/cooked_beef":{"criteria":{"has_beef":"2024-11-25 23:17:17 +0000"},"done":true},"minecraft:recipes/food/cooked_beef_from_campfire_cooking":{"criteria":{"has_beef":"2024-11-25 23:17:17 +0000"},"done":true},"DataVersion":4082}